[{"id":"5447","user":"Erik Hassel","msg":"PCAP-16842\nGjort: Angett region på formateringen för att se till att vi får komma och inte punkt\nCR: anasu","date":"2016-12-21T10:16:53.413162Z","formattedDate":"20161221101653413162","result":"SUCCESS","fullDisplayName":"atlas-snapshot-trunk #5447","jira":"PCAP-16842\nGjort:","coverage":67.2,"formattedCoverage":"67.2%"},{"id":"5446","user":"Pierre Karlsson","msg":"PCAP-15515 Fel texter i skriva kommentar på fältärende\nCR: FWIN\nÄndrade felstavningar och bytte plats på \"Kommentaren på fältärendet sparades!\" och \"Du kan redigera din kommentar så länge fältärendet är öppet. Kommentaren visas i\nkontrollbrevet och i fältärendets detaljer.\"","date":"2016-12-21T10:04:34.946740Z","formattedDate":"20161221100434946740","result":"FAILURE","fullDisplayName":"atlas-snapshot-trunk #5446","jira":"PCAP-15515","coverage":67.2,"formattedCoverage":"67.2%"},{"id":"5445","user":"Linnea Karlsson","msg":"PCAP-17037 - Component för menyalternativet fältkontrollens resultat för visaresultat djur. \nCR: FWIN","date":"2016-12-20T14:21:08.702116Z","formattedDate":"20161220142108702116","result":"SUCCESS","fullDisplayName":"atlas-snapshot-trunk #5445","jira":"PCAP-17037","coverage":67.2,"formattedCoverage":"67.2%"},{"id":"5444","user":"Pierre Karlsson","msg":"PCAP-16655 Fältkontrollens resultat - Filtreringen fungerar inte. CR LKZT\nLagt till angular filter.","date":"2016-12-20T14:09:54.085154Z","formattedDate":"20161220140954085154","result":"SUCCESS","fullDisplayName":"atlas-snapshot-trunk #5444","jira":"PCAP-16655","coverage":67.2,"formattedCoverage":"67.2%"},{"id":"2016-12-07_10-20-07","user":"Eje Svensson","msg":"Fix för reintegrate merge","date":"2016-12-06T16:57:16.105503Z","formattedDate":"20161206165716105503","result":"SUCCESS","fullDisplayName":"atlas-snapshot-7.0.1 #58","jira":"Fix","coverage":67.2,"formattedCoverage":"67.2%"},{"id":"2016-12-02_17-05-09","user":"Eje Svensson","msg":"PCAP-16232 Källreferens sätts felaktigt på Åtagandeytor. Måste köra om DDÄ UppdateraKontrollytaReferenser600 som konsekvens av att ytor kan ha fått fel referenser.","date":"2016-12-02T16:04:32.205922Z","formattedDate":"20161202160432205922","result":"SUCCESS","fullDisplayName":"atlas-snapshot-7.0.1 #57","jira":"PCAP-16232","coverage":67.2,"formattedCoverage":"67.2%"},{"id":"2016-12-02_16-35-09","user":"Linnea Karlsson","msg":"PCAP-16232 - Tar bort blockIDt som tidgare lagts till åtagandes sourceRef. cr: eje/dsin","date":"2016-12-02T15:30:56.298785Z","formattedDate":"20161202153056298785","result":"SUCCESS","fullDisplayName":"atlas-snapshot-7.0.1 #56","jira":"PCAP-16232","coverage":67.2,"formattedCoverage":"67.2%"},{"id":"2016-12-02_16-20-09","user":"Fabian Winquist","msg":"PCAP-????, uppdaterat postman collection\n\nCR: :()-|-<","date":"2016-12-02T15:19:56.204538Z","formattedDate":"20161202151956204538","result":"SUCCESS","fullDisplayName":"atlas-snapshot-7.0.1 #55","jira":"PCAP-????,","coverage":67.2,"formattedCoverage":"67.2%"},{"id":"5448","user":"Pierre Karlsson","msg":"PCAP-15831 Ange Kommuniceringsdatum: Meddelande \"Ett datum måste väljas\" visa alltid \nCR: Linnea\nFlyttade ett vilkor för när varningen skall visas","date":"2016-12-21T14:33:34.877193Z","formattedDate":"20161221143334877193","result":"SUCCESS","fullDisplayName":"atlas-snapshot-trunk #5448","jira":"PCAP-15831","coverage":67.2,"formattedCoverage":"67.2%","jiraPlannedForVersion":"version 123"},{"id":"5449","user":"Fabian Winquist","msg":"PCAP-15246, skapat JamforResultatTransformer som tar två sammanstalldaresultat och skapar en jamforelseOversiktModel som ska skickas till GUI, just nu jamfors bara \"överliggande\" kontrollobjekt med varandra, har dessutom refaktoriserat visaResultatTransformer och flyttat bitar som hämtar resultat och data på kontrolobjekt till kontrollbrev projektet.\n\nCR: Eje","date":"2016-12-21T15:22:49.358146Z","formattedDate":"20161221152249358146","result":null,"fullDisplayName":"atlas-snapshot-trunk #5449","jira":"PCAP-15246,","coverage":67.2,"formattedCoverage":"67.2%","jiraPlannedForVersion":null}]