[{"id":"2016-12-05_08-50-06","user":"esvel","msg":"Merge från trunk 7.0.1","date":"2016-12-05T07:38:36.290905Z","formattedDate":"20161205073836290905","result":"SUCCESS"},{"id":"2016-12-02_17-05-09","user":"esvel","msg":"PCAP-16232 Källreferens sätts felaktigt på Åtagandeytor. Måste köra om DDÄ UppdateraKontrollytaReferenser600 som konsekvens av att ytor kan ha fått fel referenser.","date":"2016-12-02T16:04:32.205922Z","formattedDate":"20161202160432205922","result":"SUCCESS"},{"id":"2016-12-02_16-35-09","user":"lkzt","msg":"PCAP-16232 - Tar bort blockIDt som tidgare lagts till åtagandes sourceRef. cr: eje/dsin","date":"2016-12-02T15:30:56.298785Z","formattedDate":"20161202153056298785","result":"SUCCESS"},{"id":"2016-12-02_16-20-09","user":"fwin","msg":"PCAP-????, uppdaterat postman collection\n\nCR: :()-|-<","date":"2016-12-02T15:19:56.204538Z","formattedDate":"20161202151956204538","result":"SUCCESS"},{"id":"2016-12-02_15-50-09","user":"fwin","msg":"PCAP-16945, fixat så att datumet då DDÄ kördes som uppdaterar arsresultatprojectionen visas i gui.\n\nCR: demas","date":"2016-12-02T14:41:23.516631Z","formattedDate":"20161202144123516631","result":"SUCCESS"},{"id":"2016-12-05_13-18-49","user":"rjans","msg":"PCAP-16945, Ändra namn från FastställdAreal till KonstateradAreal, beräkna kolumnerna KonstateradAreal, AvvikelseAreal och AvvikelseAndel, tag bort kolumnen ArealAvvikelse.\nCR esvel","date":"2016-12-05T12:02:17.993528Z","formattedDate":"20161205120217993528","result":"SUCCESS"},{"id":"2016-12-05_14-04-52","user":"fwin","msg":"PCAP-15368, uppdaterat lantbruksföretaginfo och produktionsplatsinfo till v3.0.0.R resp. v2.0.1.R.\n\nCR: Mikhail","date":"2016-12-05T12:35:03.263112Z","formattedDate":"20161205123503263112","result":"SUCCESS"},{"id":"2016-12-05_16-07-29","user":"llan","msg":"uppdaterat pom med ny version 7.1.0-SNAPSHOT\ncr: mkalk","date":"2016-12-05T14:41:49.306238Z","formattedDate":"20161205144149306238","result":null},{"id":"2016-12-06_17-02-05","user":"esvel","msg":"Merged revision(s) 119479-119700, 117063-119482 from system/kontroll/atlas/trunk","date":"2016-12-06T14:46:04.203459Z","formattedDate":"20161206144604203459","result":null},{"id":"2016-12-07_10-20-07","user":"esvel","msg":"Fix för reintegrate merge","date":"2016-12-06T16:57:16.105503Z","formattedDate":"20161206165716105503","result":"SUCCESS","coverage":67.2,"formattedCoverage":"67.2%"},{"id":"2016-12-07_16-40-17","user":"pkarm","msg":"PCAP-16932 Ny rubrik för osökta block 2015 i \"Fältkontrollens resultat\"\nCR:LLAN","date":"2016-12-07T15:25:43.082116Z","formattedDate":"20161207152543082116","result":"SUCCESS","coverage":67.2,"formattedCoverage":"67.2%"},{"id":"2016-12-14_09-41-18","user":"cm","msg":"New version in POM file: 7.1.5-SNAPSHOT","date":"2016-12-14T08:34:41.916982Z","formattedDate":"20161214083441916982","result":"SUCCESS","coverage":67.1,"formattedCoverage":"67.1%"},{"id":"2016-12-14_08-54-27","user":"anasu","msg":"PCAP-15502, PCAP-15504, PCAP-15503","date":"2016-12-14T07:47:16.060081Z","formattedDate":"20161214074716060081","result":"SUCCESS","coverage":67.1,"formattedCoverage":"67.1%"},{"id":"2016-12-13_14-11-18","user":"cm","msg":"New version in POM file: 7.1.4-SNAPSHOT","date":"2016-12-13T13:00:20.324325Z","formattedDate":"20161213130020324325","result":"SUCCESS","coverage":67.1,"formattedCoverage":"67.1%"},{"id":"2016-12-13_11-41-17","user":"cm","msg":"New version in POM file: 7.1.3-SNAPSHOT","date":"2016-12-13T10:40:21.297643Z","formattedDate":"20161213104021297643","result":"FAILURE","coverage":67.1,"formattedCoverage":"67.1%"}]