{
  "actions" : [
    null,
    {
      
    },
    {
      
    }
  ],
  "description" : "",
  "displayName" : "atlas-snapshot-trunk",
  "displayNameOrNull" : null,
  "name" : "atlas-snapshot-trunk",
  "url" : "https://utv.sjv.se/jenkins/view/kontroll/job/atlas-snapshot-trunk/",
  "buildable" : true,
  "builds" : [
    {
      "number" : 5436,
      "url" : "https://utv.sjv.se/jenkins/view/kontroll/job/atlas-snapshot-trunk/5436/"
    },
    {
      "number" : 5435,
      "url" : "https://utv.sjv.se/jenkins/view/kontroll/job/atlas-snapshot-trunk/5435/"
    },
    {
      "number" : 5434,
      "url" : "https://utv.sjv.se/jenkins/view/kontroll/job/atlas-snapshot-trunk/5434/"
    },
    {
      "number" : 5433,
      "url" : "https://utv.sjv.se/jenkins/view/kontroll/job/atlas-snapshot-trunk/5433/"
    },
    {
      "number" : 5432,
      "url" : "https://utv.sjv.se/jenkins/view/kontroll/job/atlas-snapshot-trunk/5432/"
    }
  ],
  "color" : "blue",
  "firstBuild" : {
    "number" : 5432,
    "url" : "https://utv.sjv.se/jenkins/view/kontroll/job/atlas-snapshot-trunk/5432/"
  },
  "healthReport" : [
    {
      "description" : "Build stability: 1 out of the last 5 builds failed.",
      "iconClassName" : "icon-health-60to79",
      "iconUrl" : "health-60to79.png",
      "score" : 80
    },
    {
      "description" : "Test Result: 0 tests failing out of a total of 4,172 tests.",
      "iconClassName" : "icon-health-80plus",
      "iconUrl" : "health-80plus.png",
      "score" : 100
    }
  ],
  "inQueue" : false,
  "keepDependencies" : false,
  "lastBuild" : {
    "number" : 5436,
    "url" : "https://utv.sjv.se/jenkins/view/kontroll/job/atlas-snapshot-trunk/5436/"
  },
  "lastCompletedBuild" : {
    "number" : 5436,
    "url" : "https://utv.sjv.se/jenkins/view/kontroll/job/atlas-snapshot-trunk/5436/"
  },
  "lastFailedBuild" : {
    "number" : 5432,
    "url" : "https://utv.sjv.se/jenkins/view/kontroll/job/atlas-snapshot-trunk/5432/"
  },
  "lastStableBuild" : {
    "number" : 5436,
    "url" : "https://utv.sjv.se/jenkins/view/kontroll/job/atlas-snapshot-trunk/5436/"
  },
  "lastSuccessfulBuild" : {
    "number" : 5436,
    "url" : "https://utv.sjv.se/jenkins/view/kontroll/job/atlas-snapshot-trunk/5436/"
  },
  "lastUnstableBuild" : null,
  "lastUnsuccessfulBuild" : {
    "number" : 5432,
    "url" : "https://utv.sjv.se/jenkins/view/kontroll/job/atlas-snapshot-trunk/5432/"
  },
  "nextBuildNumber" : 5437,
  "property" : [
    
  ],
  "queueItem" : null,
  "concurrentBuild" : false,
  "downstreamProjects" : [
    
  ],
  "scm" : {
    
  },
  "upstreamProjects" : [
    
  ],
  "modules" : [
    {
      "name" : "se.sjv.atlas:atlas-urval-web",
      "url" : "https://utv.sjv.se/jenkins/view/kontroll/job/atlas-snapshot-trunk/se.sjv.atlas$atlas-urval-web/",
      "color" : "disabled",
      "displayName" : "urval"
    },
    {
      "name" : "se.sjv.atlas:urval-web",
      "url" : "https://utv.sjv.se/jenkins/view/kontroll/job/atlas-snapshot-trunk/se.sjv.atlas$urval-web/",
      "color" : "disabled",
      "displayName" : "urval"
    },
    {
      "name" : "se.sjv.kontroll.atlas:atlas-blis",
      "url" : "https://utv.sjv.se/jenkins/view/kontroll/job/atlas-snapshot-trunk/se.sjv.kontroll.atlas$atlas-blis/",
      "color" : "blue",
      "displayName" : "atlas-blis"
    },
    {
      "name" : "se.sjv.kontroll.atlas:atlas-common",
      "url" : "https://utv.sjv.se/jenkins/view/kontroll/job/atlas-snapshot-trunk/se.sjv.kontroll.atlas$atlas-common/",
      "color" : "blue",
      "displayName" : "atlas-common"
    },
    {
      "name" : "se.sjv.kontroll.atlas:atlas-ear",
      "url" : "https://utv.sjv.se/jenkins/view/kontroll/job/atlas-snapshot-trunk/se.sjv.kontroll.atlas$atlas-ear/",
      "color" : "blue",
      "displayName" : "Atlas - EAR"
    },
    {
      "name" : "se.sjv.kontroll.atlas:atlas-ejb",
      "url" : "https://utv.sjv.se/jenkins/view/kontroll/job/atlas-snapshot-trunk/se.sjv.kontroll.atlas$atlas-ejb/",
      "color" : "blue",
      "displayName" : "atlas-ejb"
    },
    {
      "name" : "se.sjv.kontroll.atlas:atlas-eventstore",
      "url" : "https://utv.sjv.se/jenkins/view/kontroll/job/atlas-snapshot-trunk/se.sjv.kontroll.atlas$atlas-eventstore/",
      "color" : "blue",
      "displayName" : "atlas-eventstore"
    },
    {
      "name" : "se.sjv.kontroll.atlas:atlas-grunddata",
      "url" : "https://utv.sjv.se/jenkins/view/kontroll/job/atlas-snapshot-trunk/se.sjv.kontroll.atlas$atlas-grunddata/",
      "color" : "blue",
      "displayName" : "atlas-grunddata"
    },
    {
      "name" : "se.sjv.kontroll.atlas:atlas-grunddata-ejb",
      "url" : "https://utv.sjv.se/jenkins/view/kontroll/job/atlas-snapshot-trunk/se.sjv.kontroll.atlas$atlas-grunddata-ejb/",
      "color" : "blue",
      "displayName" : "atlas-grunddata-ejb"
    },
    {
      "name" : "se.sjv.kontroll.atlas:atlas-grunddata-xml",
      "url" : "https://utv.sjv.se/jenkins/view/kontroll/job/atlas-snapshot-trunk/se.sjv.kontroll.atlas$atlas-grunddata-xml/",
      "color" : "blue",
      "displayName" : "atlas-grunddata-xml"
    },
    {
      "name" : "se.sjv.kontroll.atlas:atlas-gui",
      "url" : "https://utv.sjv.se/jenkins/view/kontroll/job/atlas-snapshot-trunk/se.sjv.kontroll.atlas$atlas-gui/",
      "color" : "blue",
      "displayName" : "atlas-gui"
    },
    {
      "name" : "se.sjv.kontroll.atlas:atlas-kontrollbrev",
      "url" : "https://utv.sjv.se/jenkins/view/kontroll/job/atlas-snapshot-trunk/se.sjv.kontroll.atlas$atlas-kontrollbrev/",
      "color" : "blue",
      "displayName" : "atlas-kontrollbrev"
    },
    {
      "name" : "se.sjv.kontroll.atlas:atlas-parent",
      "url" : "https://utv.sjv.se/jenkins/view/kontroll/job/atlas-snapshot-trunk/se.sjv.kontroll.atlas$atlas-parent/",
      "color" : "blue",
      "displayName" : "Atlas - parent"
    },
    {
      "name" : "se.sjv.kontroll.atlas:atlas-persistence-unit",
      "url" : "https://utv.sjv.se/jenkins/view/kontroll/job/atlas-snapshot-trunk/se.sjv.kontroll.atlas$atlas-persistence-unit/",
      "color" : "blue",
      "displayName" : "atlas-persistence-unit"
    },
    {
      "name" : "se.sjv.kontroll.atlas:atlas-projection",
      "url" : "https://utv.sjv.se/jenkins/view/kontroll/job/atlas-snapshot-trunk/se.sjv.kontroll.atlas$atlas-projection/",
      "color" : "blue",
      "displayName" : "atlas-projection-ejb"
    },
    {
      "name" : "se.sjv.kontroll.atlas:atlas-rules",
      "url" : "https://utv.sjv.se/jenkins/view/kontroll/job/atlas-snapshot-trunk/se.sjv.kontroll.atlas$atlas-rules/",
      "color" : "blue",
      "displayName" : "atlas-rules"
    },
    {
      "name" : "se.sjv.kontroll.atlas:atlas-rules-generator",
      "url" : "https://utv.sjv.se/jenkins/view/kontroll/job/atlas-snapshot-trunk/se.sjv.kontroll.atlas$atlas-rules-generator/",
      "color" : "blue",
      "displayName" : "atlas-rules-generator"
    },
    {
      "name" : "se.sjv.kontroll.atlas:atlas-sjv-dataexport",
      "url" : "https://utv.sjv.se/jenkins/view/kontroll/job/atlas-snapshot-trunk/se.sjv.kontroll.atlas$atlas-sjv-dataexport/",
      "color" : "blue",
      "displayName" : "atlas-sjv-dataexport"
    },
    {
      "name" : "se.sjv.kontroll.atlas:atlas-statistik",
      "url" : "https://utv.sjv.se/jenkins/view/kontroll/job/atlas-snapshot-trunk/se.sjv.kontroll.atlas$atlas-statistik/",
      "color" : "blue",
      "displayName" : "atlas-statistik"
    },
    {
      "name" : "se.sjv.kontroll.atlas:atlas-urval-ejb",
      "url" : "https://utv.sjv.se/jenkins/view/kontroll/job/atlas-snapshot-trunk/se.sjv.kontroll.atlas$atlas-urval-ejb/",
      "color" : "blue",
      "displayName" : "atlas-urval-ejb"
    },
    {
      "name" : "se.sjv.kontroll.atlas:atlas-web",
      "url" : "https://utv.sjv.se/jenkins/view/kontroll/job/atlas-snapshot-trunk/se.sjv.kontroll.atlas$atlas-web/",
      "color" : "blue",
      "displayName" : "Atlas - WAR"
    },
    {
      "name" : "se.sjv.kontroll.atlas:mapfish-connector",
      "url" : "https://utv.sjv.se/jenkins/view/kontroll/job/atlas-snapshot-trunk/se.sjv.kontroll.atlas$mapfish-connector/",
      "color" : "blue",
      "displayName" : "mapfish-connector"
    }
  ]
}
