{
   "expand":"renderedFields,names,schema,transitions,operations,editmeta,changelog",
   "id":"160155",
   "self":"https://etjanst.sjv.se/jira/rest/api/2/issue/160155",
   "key":"PCAP-17054",
   "fields":{
      "summary":"FårGet KOMPUT kontrollpunkter kommer inte med i alla fall.",
      "progress":{
         "progress":0,
         "total":0
      },
      "timetracking":{

      },
      "issuetype":{
         "self":"https://etjanst.sjv.se/jira/rest/api/2/issuetype/1",
         "id":"1",
         "description":"Felrättning.",
         "iconUrl":"https://etjanst.sjv.se/jira/images/icons/issuetypes/bug.png",
         "name":"Felrättning",
         "subtask":false
      },
      "customfield_10080":null,
      "customfield_10324":null,
      "customfield_10326":null,
      "customfield_10521":{
         "self":"https://etjanst.sjv.se/jira/rest/api/2/customFieldOption/12544",
         "value":"Utredning är inte klar",
         "id":"12544"
      },
      "customfield_10520":null,
      "timespent":null,
      "reporter":{
         "self":"https://etjanst.sjv.se/jira/rest/api/2/user?username=fhjoh",
         "name":"fhjoh",
         "emailAddress":"henrik.johansson@jordbruksverket.se",
         "avatarUrls":{
            "16x16":"https://etjanst.sjv.se/jira/secure/useravatar?size=xsmall&ownerId=fhjoh&avatarId=13300",
            "24x24":"https://etjanst.sjv.se/jira/secure/useravatar?size=small&ownerId=fhjoh&avatarId=13300",
            "32x32":"https://etjanst.sjv.se/jira/secure/useravatar?size=medium&ownerId=fhjoh&avatarId=13300",
            "48x48":"https://etjanst.sjv.se/jira/secure/useravatar?ownerId=fhjoh&avatarId=13300"
         },
         "displayName":"Henrik Johansson",
         "active":true
      },
      "created":"2016-12-02T15:53:20.000+0100",
      "updated":"2016-12-21T08:43:41.000+0100",
      "description":"*VOLYM*\r\nVersion 7.0.8.R 2016-11-29 16:35\r\nKund/-Journalnummer: S3461\r\nLän: Flera\r\nStödår/Kontrollår: 2015\r\nInloggad som: SHPER kontrollant\r\nKOntrollform: KOMPUT-DJUR\r\n\r\n\r\n*Felbeskrivning*\r\nFel kommer från Jorden För S2110 så ser jorden att brukaren har Tackor och förväntar sig 00606 i det sammanställda resultatet men det skickas inte.\r\nhttp://loadvolicc.intern.jordbruksverket.se/services/rest/kontrollpaplats/kontrollinfo/sammanstalltkontrollresultat/194010052704/00/2015?stodformList=KOMP\r\nHar sökt fram några brukare 2015 som alla i stödinfo har både nöt och Får eller getter .\r\nFör : \r\n| S2455 |194412216857|\r\n|X1249|194110227719|\r\nså kommer 00606 med för:\r\n|S2110|194112296258|\r\n|Y4184|194012087831|\r\n|G1376|194010052704|\r\nSå saknas 00606.\r\nTog ut S3461, 195509036256, för KOMPUT-DJUR i volym och fick inte med dessa kontrollpunkter i volym idag med senaste grunddata version.\r\nTog sedan ut FARGET och det fungerade.\r\nKollat  kontrollobjekt i databasen mellan S3461 och X1249 _och_ för S3461 som inte fungerar kan jag se att inget kontrollobjekt med kontrollobjektstyp = DJURSLAGSBESATTNING skapats  _som_ innehåller utbetalning.typ = KOMPUT och djurslagstyp = FAR.\r\n\r\n\r\n\r\n*Förväntat resultat*\r\nSka få med kontrollpunkter för  00606 för alla med Tackor/Getter i stödinfo.\r\n\r\n*Konsekvens*\r\nJorden få felaktigt resultat /Atlas kontrollerar inte allt.\r\n\r\n*Workaround*\r\nIngen känd",
      "priority":{
         "self":"https://etjanst.sjv.se/jira/rest/api/2/priority/1",
         "iconUrl":"https://etjanst.sjv.se/jira/images/icons/priorities/blocker.png",
         "name":"Blockerare",
         "id":"1"
      },
      "issuelinks":[

      ],
      "customfield_10620":{
         "self":"https://etjanst.sjv.se/jira/rest/api/2/customFieldOption/12742",
         "value":"Volym",
         "id":"12742"
      },
      "subtasks":[

      ],
      "status":{
         "self":"https://etjanst.sjv.se/jira/rest/api/2/status/5",
         "description":"Ärendet är klart för test.",
         "iconUrl":"https://etjanst.sjv.se/jira/images/icons/statuses/resolved.png",
         "name":"Klart för test (Löst)",
         "id":"5"
      },
      "labels":[
         "CCB",
         "InformeraAnvändare"
      ],
      "workratio":-1,
      "customfield_10220":null,
      "project":{
         "self":"https://etjanst.sjv.se/jira/rest/api/2/project/PCAP",
         "id":"10390",
         "key":"PCAP",
         "name":"ProCap",
         "avatarUrls":{
            "16x16":"https://etjanst.sjv.se/jira/secure/projectavatar?size=xsmall&pid=10390&avatarId=10011",
            "24x24":"https://etjanst.sjv.se/jira/secure/projectavatar?size=small&pid=10390&avatarId=10011",
            "32x32":"https://etjanst.sjv.se/jira/secure/projectavatar?size=medium&pid=10390&avatarId=10011",
            "48x48":"https://etjanst.sjv.se/jira/secure/projectavatar?pid=10390&avatarId=10011"
         }
      },
      "environment":null,
      "customfield_10420":null,
      "customfield_10055":null,
      "customfield_10322":null,
      "customfield_10321":null,
      "customfield_10320":"62324",
      "customfield_10014":null,
      "customfield_10051":null,
      "aggregateprogress":{
         "progress":0,
         "total":0
      },
      "lastViewed":"2016-12-21T14:54:43.044+0100",
      "customfield_10722":"55035",
      "customfield_10721":null,
      "components":[
         {
            "self":"https://etjanst.sjv.se/jira/rest/api/2/component/14970",
            "id":"14970",
            "name":"Kontroll"
         }
      ],
      "customfield_10720":[
         "com.atlassian.greenhopper.service.sprint.Sprint@68a564ed[rapidViewId=808,state=ACTIVE,name=S18: 12/12 v50-v1 ver 8.0,startDate=2016-12-13T08:00:48.371+01:00,endDate=2017-01-09T08:00:00.000+01:00,completeDate=<null>,id=544]"
      ],
      "comment":{
         "startAt":0,
         "maxResults":8,
         "total":8,
         "comments":[
            {
               "self":"https://etjanst.sjv.se/jira/rest/api/2/issue/160155/comment/330641",
               "id":"330641",
               "author":{
                  "self":"https://etjanst.sjv.se/jira/rest/api/2/user?username=fhjoh",
                  "name":"fhjoh",
                  "emailAddress":"henrik.johansson@jordbruksverket.se",
                  "avatarUrls":{
                     "16x16":"https://etjanst.sjv.se/jira/secure/useravatar?size=xsmall&ownerId=fhjoh&avatarId=13300",
                     "24x24":"https://etjanst.sjv.se/jira/secure/useravatar?size=small&ownerId=fhjoh&avatarId=13300",
                     "32x32":"https://etjanst.sjv.se/jira/secure/useravatar?size=medium&ownerId=fhjoh&avatarId=13300",
                     "48x48":"https://etjanst.sjv.se/jira/secure/useravatar?ownerId=fhjoh&avatarId=13300"
                  },
                  "displayName":"Henrik Johansson",
                  "active":true
               },
               "body":"Bett Jorden, Per R, att ta fram en lista med KOMPUT som innehåller både TACKOR eller GETTER *OCH* NÖT och ingår i kontroll.",
               "updateAuthor":{
                  "self":"https://etjanst.sjv.se/jira/rest/api/2/user?username=fhjoh",
                  "name":"fhjoh",
                  "emailAddress":"henrik.johansson@jordbruksverket.se",
                  "avatarUrls":{
                     "16x16":"https://etjanst.sjv.se/jira/secure/useravatar?size=xsmall&ownerId=fhjoh&avatarId=13300",
                     "24x24":"https://etjanst.sjv.se/jira/secure/useravatar?size=small&ownerId=fhjoh&avatarId=13300",
                     "32x32":"https://etjanst.sjv.se/jira/secure/useravatar?size=medium&ownerId=fhjoh&avatarId=13300",
                     "48x48":"https://etjanst.sjv.se/jira/secure/useravatar?ownerId=fhjoh&avatarId=13300"
                  },
                  "displayName":"Henrik Johansson",
                  "active":true
               },
               "created":"2016-12-05T10:55:34.000+0100",
               "updated":"2016-12-05T10:55:43.000+0100"
            },
            {
               "self":"https://etjanst.sjv.se/jira/rest/api/2/issue/160155/comment/330658",
               "id":"330658",
               "author":{
                  "self":"https://etjanst.sjv.se/jira/rest/api/2/user?username=fhjoh",
                  "name":"fhjoh",
                  "emailAddress":"henrik.johansson@jordbruksverket.se",
                  "avatarUrls":{
                     "16x16":"https://etjanst.sjv.se/jira/secure/useravatar?size=xsmall&ownerId=fhjoh&avatarId=13300",
                     "24x24":"https://etjanst.sjv.se/jira/secure/useravatar?size=small&ownerId=fhjoh&avatarId=13300",
                     "32x32":"https://etjanst.sjv.se/jira/secure/useravatar?size=medium&ownerId=fhjoh&avatarId=13300",
                     "48x48":"https://etjanst.sjv.se/jira/secure/useravatar?ownerId=fhjoh&avatarId=13300"
                  },
                  "displayName":"Henrik Johansson",
                  "active":true
               },
               "body":"Enligt preliminära resultat från Jorden är det 78 st brukare det handlar om som har både FARGET och NOT i KOMPUT\r\n\r\n",
               "updateAuthor":{
                  "self":"https://etjanst.sjv.se/jira/rest/api/2/user?username=fhjoh",
                  "name":"fhjoh",
                  "emailAddress":"henrik.johansson@jordbruksverket.se",
                  "avatarUrls":{
                     "16x16":"https://etjanst.sjv.se/jira/secure/useravatar?size=xsmall&ownerId=fhjoh&avatarId=13300",
                     "24x24":"https://etjanst.sjv.se/jira/secure/useravatar?size=small&ownerId=fhjoh&avatarId=13300",
                     "32x32":"https://etjanst.sjv.se/jira/secure/useravatar?size=medium&ownerId=fhjoh&avatarId=13300",
                     "48x48":"https://etjanst.sjv.se/jira/secure/useravatar?ownerId=fhjoh&avatarId=13300"
                  },
                  "displayName":"Henrik Johansson",
                  "active":true
               },
               "created":"2016-12-05T11:24:23.000+0100",
               "updated":"2016-12-05T11:25:12.000+0100"
            },
            {
               "self":"https://etjanst.sjv.se/jira/rest/api/2/issue/160155/comment/330679",
               "id":"330679",
               "author":{
                  "self":"https://etjanst.sjv.se/jira/rest/api/2/user?username=stor",
                  "name":"stor",
                  "emailAddress":"sebastian.torn@jordbruksverket.se",
                  "avatarUrls":{
                     "16x16":"https://etjanst.sjv.se/jira/secure/useravatar?size=xsmall&ownerId=stor&avatarId=14200",
                     "24x24":"https://etjanst.sjv.se/jira/secure/useravatar?size=small&ownerId=stor&avatarId=14200",
                     "32x32":"https://etjanst.sjv.se/jira/secure/useravatar?size=medium&ownerId=stor&avatarId=14200",
                     "48x48":"https://etjanst.sjv.se/jira/secure/useravatar?ownerId=stor&avatarId=14200"
                  },
                  "displayName":"sebastian törn",
                  "active":true
               },
               "body":"Vi börjar med att göra en analys av felet i 7.1 och tar en ny CCB efter analysen",
               "updateAuthor":{
                  "self":"https://etjanst.sjv.se/jira/rest/api/2/user?username=stor",
                  "name":"stor",
                  "emailAddress":"sebastian.torn@jordbruksverket.se",
                  "avatarUrls":{
                     "16x16":"https://etjanst.sjv.se/jira/secure/useravatar?size=xsmall&ownerId=stor&avatarId=14200",
                     "24x24":"https://etjanst.sjv.se/jira/secure/useravatar?size=small&ownerId=stor&avatarId=14200",
                     "32x32":"https://etjanst.sjv.se/jira/secure/useravatar?size=medium&ownerId=stor&avatarId=14200",
                     "48x48":"https://etjanst.sjv.se/jira/secure/useravatar?ownerId=stor&avatarId=14200"
                  },
                  "displayName":"sebastian törn",
                  "active":true
               },
               "created":"2016-12-05T12:57:22.000+0100",
               "updated":"2016-12-05T12:57:41.000+0100"
            },
            {
               "self":"https://etjanst.sjv.se/jira/rest/api/2/issue/160155/comment/331101",
               "id":"331101",
               "author":{
                  "self":"https://etjanst.sjv.se/jira/rest/api/2/user?username=esvel",
                  "name":"esvel",
                  "emailAddress":"Eje.Svensson@jordbruksverket.se",
                  "avatarUrls":{
                     "16x16":"https://etjanst.sjv.se/jira/secure/useravatar?size=xsmall&ownerId=esvel&avatarId=13503",
                     "24x24":"https://etjanst.sjv.se/jira/secure/useravatar?size=small&ownerId=esvel&avatarId=13503",
                     "32x32":"https://etjanst.sjv.se/jira/secure/useravatar?size=medium&ownerId=esvel&avatarId=13503",
                     "48x48":"https://etjanst.sjv.se/jira/secure/useravatar?ownerId=esvel&avatarId=13503"
                  },
                  "displayName":"Eje Svensson",
                  "active":true
               },
               "body":"Frågar man cdb om produktionsplatser så får man uppgifterna om vilka djurslag som brukaren har.\nDet som kan noteras är att brukarna som inte fick med kontrollpunkter inte har något djurslag för fårget.\nHar endast NOT och GRIS, får inte kontrollpunkten 606\nhttp://loadvolicc.intern.jordbruksverket.se/services/rest/djurhandelser/produktionsplatsinfo/produktionsplatser?persOrgnr=194010052704&addid=00\n\nHar både NOT och FÅRGET, får kontrollpunkten.\nhttp://loadvolicc.intern.jordbruksverket.se/services/rest/djurhandelser/produktionsplatsinfo/produktionsplatser?persOrgnr=194110227719&addid=00\n\nKrav får först bestämma vad vi ska göra i dessa fallen då brukaren söker för djur hen inte står som djurhållare för.",
               "updateAuthor":{
                  "self":"https://etjanst.sjv.se/jira/rest/api/2/user?username=esvel",
                  "name":"esvel",
                  "emailAddress":"Eje.Svensson@jordbruksverket.se",
                  "avatarUrls":{
                     "16x16":"https://etjanst.sjv.se/jira/secure/useravatar?size=xsmall&ownerId=esvel&avatarId=13503",
                     "24x24":"https://etjanst.sjv.se/jira/secure/useravatar?size=small&ownerId=esvel&avatarId=13503",
                     "32x32":"https://etjanst.sjv.se/jira/secure/useravatar?size=medium&ownerId=esvel&avatarId=13503",
                     "48x48":"https://etjanst.sjv.se/jira/secure/useravatar?ownerId=esvel&avatarId=13503"
                  },
                  "displayName":"Eje Svensson",
                  "active":true
               },
               "created":"2016-12-06T18:05:39.000+0100",
               "updated":"2016-12-06T18:05:39.000+0100"
            },
            {
               "self":"https://etjanst.sjv.se/jira/rest/api/2/issue/160155/comment/331278",
               "id":"331278",
               "author":{
                  "self":"https://etjanst.sjv.se/jira/rest/api/2/user?username=esvel",
                  "name":"esvel",
                  "emailAddress":"Eje.Svensson@jordbruksverket.se",
                  "avatarUrls":{
                     "16x16":"https://etjanst.sjv.se/jira/secure/useravatar?size=xsmall&ownerId=esvel&avatarId=13503",
                     "24x24":"https://etjanst.sjv.se/jira/secure/useravatar?size=small&ownerId=esvel&avatarId=13503",
                     "32x32":"https://etjanst.sjv.se/jira/secure/useravatar?size=medium&ownerId=esvel&avatarId=13503",
                     "48x48":"https://etjanst.sjv.se/jira/secure/useravatar?ownerId=esvel&avatarId=13503"
                  },
                  "displayName":"Eje Svensson",
                  "active":true
               },
               "body":"S2455 194412216857 har sökt 25 kor, 267 getter. Har både get och nöt i CDB. Borde få och fått alla frågor enligt test.\nX1249 194110227719 har endast sökt 0 kor. Har dock både get och nöt i CDB. Han borde inte fått frågan 00606 ?\n\nS2110 194112296258 har sökt 0 kor, 10 getter, 10 tackor. Har endast nöt i CDB. Osäker om både nöt och getfrågor ska med. Fick endast nöt enligt test.\nG1376 194010052704 har sökt 0 kor, 40 getter. Har endast gris och nöt i CDB. Osäker om både nöt och getfrågor ska med. Fick endast nöt enligt test.\nY4184 194012087831 har sökt 8 kor, 40 getter. Har endast nöt i CDB. Osäker om både nöt och getfrågor ska med. Fick endast nöt enligt test.\n\n",
               "updateAuthor":{
                  "self":"https://etjanst.sjv.se/jira/rest/api/2/user?username=esvel",
                  "name":"esvel",
                  "emailAddress":"Eje.Svensson@jordbruksverket.se",
                  "avatarUrls":{
                     "16x16":"https://etjanst.sjv.se/jira/secure/useravatar?size=xsmall&ownerId=esvel&avatarId=13503",
                     "24x24":"https://etjanst.sjv.se/jira/secure/useravatar?size=small&ownerId=esvel&avatarId=13503",
                     "32x32":"https://etjanst.sjv.se/jira/secure/useravatar?size=medium&ownerId=esvel&avatarId=13503",
                     "48x48":"https://etjanst.sjv.se/jira/secure/useravatar?ownerId=esvel&avatarId=13503"
                  },
                  "displayName":"Eje Svensson",
                  "active":true
               },
               "created":"2016-12-07T14:07:27.000+0100",
               "updated":"2016-12-07T14:07:27.000+0100"
            },
            {
               "self":"https://etjanst.sjv.se/jira/rest/api/2/issue/160155/comment/331585",
               "id":"331585",
               "author":{
                  "self":"https://etjanst.sjv.se/jira/rest/api/2/user?username=fhjoh",
                  "name":"fhjoh",
                  "emailAddress":"henrik.johansson@jordbruksverket.se",
                  "avatarUrls":{
                     "16x16":"https://etjanst.sjv.se/jira/secure/useravatar?size=xsmall&ownerId=fhjoh&avatarId=13300",
                     "24x24":"https://etjanst.sjv.se/jira/secure/useravatar?size=small&ownerId=fhjoh&avatarId=13300",
                     "32x32":"https://etjanst.sjv.se/jira/secure/useravatar?size=medium&ownerId=fhjoh&avatarId=13300",
                     "48x48":"https://etjanst.sjv.se/jira/secure/useravatar?ownerId=fhjoh&avatarId=13300"
                  },
                  "displayName":"Henrik Johansson",
                  "active":true
               },
               "body":"[~esvel]\n S3461, 195509036256 VOLYM\nhttp://loadvolicc.intern.jordbruksverket.se/services/rest/djurhandelser/produktionsplatsinfo/produktionsplatser?persOrgnr=195509036256&addid=00\n\n<?xml version=\"1.0\" encoding=\"UTF-8\" standalone=\"yes\"?>\n<produktionsplatsList xmlns=\"http://integration.sjv.se/djurhandelser/produktionsplatsinfo/model/produktionsplats_2.0\">\n    <produktionsplats>\n        <prefix>SE</prefix>\n        <senummer>19877</senummer>\n        <platsstatuskod>G</platsstatuskod>\n        <koordinater>\n            <x>354983.473</x>\n            <y>6650280.655</y>\n        </koordinater>\n        <adressuppgifter>\n            <lanskod>17</lanskod>\n            <lan>Värmlands län</lan>\n            <kommunkod>1730</kommunkod>\n            <kommun>Eda</kommun>\n            <forsamlingskod>173001</forsamlingskod>\n            <forsamling>Eda</forsamling>\n            <adress>HELGEBODA HERRGÅRDEN</adress>\n            <postnummer>67391</postnummer>\n            <postadress>CHARLOTTENBERG</postadress>\n        </adressuppgifter>\n        <djurslagLista>\n            <djurslag>\n                <djurslagstyp>{color:red}FAR{color}</djurslagstyp>\n                <antal>12</antal>\n                <rakningsdatum>2015-12-29+01:00</rakningsdatum>\n                <produktionsinriktningLista>",
               "updateAuthor":{
                  "self":"https://etjanst.sjv.se/jira/rest/api/2/user?username=fhjoh",
                  "name":"fhjoh",
                  "emailAddress":"henrik.johansson@jordbruksverket.se",
                  "avatarUrls":{
                     "16x16":"https://etjanst.sjv.se/jira/secure/useravatar?size=xsmall&ownerId=fhjoh&avatarId=13300",
                     "24x24":"https://etjanst.sjv.se/jira/secure/useravatar?size=small&ownerId=fhjoh&avatarId=13300",
                     "32x32":"https://etjanst.sjv.se/jira/secure/useravatar?size=medium&ownerId=fhjoh&avatarId=13300",
                     "48x48":"https://etjanst.sjv.se/jira/secure/useravatar?ownerId=fhjoh&avatarId=13300"
                  },
                  "displayName":"Henrik Johansson",
                  "active":true
               },
               "created":"2016-12-08T15:17:33.000+0100",
               "updated":"2016-12-08T15:17:33.000+0100"
            },
            {
               "self":"https://etjanst.sjv.se/jira/rest/api/2/issue/160155/comment/331640",
               "id":"331640",
               "author":{
                  "self":"https://etjanst.sjv.se/jira/rest/api/2/user?username=esvel",
                  "name":"esvel",
                  "emailAddress":"Eje.Svensson@jordbruksverket.se",
                  "avatarUrls":{
                     "16x16":"https://etjanst.sjv.se/jira/secure/useravatar?size=xsmall&ownerId=esvel&avatarId=13503",
                     "24x24":"https://etjanst.sjv.se/jira/secure/useravatar?size=small&ownerId=esvel&avatarId=13503",
                     "32x32":"https://etjanst.sjv.se/jira/secure/useravatar?size=medium&ownerId=esvel&avatarId=13503",
                     "48x48":"https://etjanst.sjv.se/jira/secure/useravatar?ownerId=esvel&avatarId=13503"
                  },
                  "displayName":"Eje Svensson",
                  "active":true
               },
               "body":"Jag har hittat något misstänkt:\r\n* Funktionen Läs ut kontrollunderlag, dvs den som körs i admin då man inte väljer att få ut kontrollresultat och finns på kontrollinfo rest/kontrollpaplats/kontrollinfo/faltarenden/4/kontrollunderlag/2, Skickar inte ut kontrollobjekt utan några kontrollpunkter mer specifikt komput djurslagsbesättning för nöt som inte har några frågor på sig.\r\nI databasen, genom vår interna resttjänst http://localhost:8080/atlas/rest/faltarende/4/2 samt admin rest service om man tar med resultat har dock med kontrollpunkten.\r\n* PPN:et finns ett kontrollobjekt för cdb, ett för komput båda med olika källreferenser. Individer pekar endast löst på sin förälder, så detta bör inte bli något problem.",
               "updateAuthor":{
                  "self":"https://etjanst.sjv.se/jira/rest/api/2/user?username=esvel",
                  "name":"esvel",
                  "emailAddress":"Eje.Svensson@jordbruksverket.se",
                  "avatarUrls":{
                     "16x16":"https://etjanst.sjv.se/jira/secure/useravatar?size=xsmall&ownerId=esvel&avatarId=13503",
                     "24x24":"https://etjanst.sjv.se/jira/secure/useravatar?size=small&ownerId=esvel&avatarId=13503",
                     "32x32":"https://etjanst.sjv.se/jira/secure/useravatar?size=medium&ownerId=esvel&avatarId=13503",
                     "48x48":"https://etjanst.sjv.se/jira/secure/useravatar?ownerId=esvel&avatarId=13503"
                  },
                  "displayName":"Eje Svensson",
                  "active":true
               },
               "created":"2016-12-09T09:33:10.000+0100",
               "updated":"2016-12-09T12:48:40.000+0100"
            },
            {
               "self":"https://etjanst.sjv.se/jira/rest/api/2/issue/160155/comment/333599",
               "id":"333599",
               "author":{
                  "self":"https://etjanst.sjv.se/jira/rest/api/2/user?username=bsann",
                  "name":"bsann",
                  "emailAddress":"Barbro.Sanner@jordbruksverket.se",
                  "avatarUrls":{
                     "16x16":"https://etjanst.sjv.se/jira/secure/useravatar?size=xsmall&avatarId=10122",
                     "24x24":"https://etjanst.sjv.se/jira/secure/useravatar?size=small&avatarId=10122",
                     "32x32":"https://etjanst.sjv.se/jira/secure/useravatar?size=medium&avatarId=10122",
                     "48x48":"https://etjanst.sjv.se/jira/secure/useravatar?avatarId=10122"
                  },
                  "displayName":"Barbro Sanner",
                  "active":true
               },
               "body":"Testat S3461, År 2015, Test1 Version: 8.0.0-SNAPSHOT, BuildTime: 2016-12-19 13:06\nKontrollpunkt 00606 kommer nu med. Testade att i registervyn ändra antalet får. Detta slår också igenom.\nStänger dock inte denna jira ännu då vi bör kolla i Volym eller Dockermiljön hur det blir när man tar ut nytt protokoll (KOMPUT) på en brukare där det tidigare protokollet felaktigt saknar kontrollpunkt 00606. ",
               "updateAuthor":{
                  "self":"https://etjanst.sjv.se/jira/rest/api/2/user?username=bsann",
                  "name":"bsann",
                  "emailAddress":"Barbro.Sanner@jordbruksverket.se",
                  "avatarUrls":{
                     "16x16":"https://etjanst.sjv.se/jira/secure/useravatar?size=xsmall&avatarId=10122",
                     "24x24":"https://etjanst.sjv.se/jira/secure/useravatar?size=small&avatarId=10122",
                     "32x32":"https://etjanst.sjv.se/jira/secure/useravatar?size=medium&avatarId=10122",
                     "48x48":"https://etjanst.sjv.se/jira/secure/useravatar?avatarId=10122"
                  },
                  "displayName":"Barbro Sanner",
                  "active":true
               },
               "created":"2016-12-21T08:43:41.000+0100",
               "updated":"2016-12-21T08:43:41.000+0100"
            }
         ]
      },
      "customfield_10010":null,
      "timeoriginalestimate":null,
      "customfield_10018":null,
      "customfield_10110":null,
      "fixVersions":[
         {
            "self":"https://etjanst.sjv.se/jira/rest/api/2/version/16358",
            "id":"16358",
            "name":"Atlas 8.0",
            "archived":false,
            "released":false
         }
      ],
      "resolution":{
         "self":"https://etjanst.sjv.se/jira/rest/api/2/resolution/1",
         "id":"1",
         "description":"A fix for this issue is checked into the tree and tested.",
         "name":"Fixed"
      },
      "resolutiondate":"2016-12-14T17:04:52.000+0100",
      "customfield_10122":null,
      "aggregatetimeoriginalestimate":null,
      "customfield_10123":null,
      "customfield_10124":null,
      "customfield_10125":null,
      "customfield_10120":null,
      "duedate":null,
      "watches":{
         "self":"https://etjanst.sjv.se/jira/rest/api/2/issue/PCAP-17054/watchers",
         "watchCount":0,
         "isWatching":false
      },
      "customfield_10062":null,
      "worklog":{
         "startAt":0,
         "maxResults":0,
         "total":0,
         "worklogs":[

         ]
      },
      "customfield_10061":null,
      "assignee":{
         "self":"https://etjanst.sjv.se/jira/rest/api/2/user?username=fwin",
         "name":"fwin",
         "emailAddress":"Fabian.Winquist@jordbruksverket.se",
         "avatarUrls":{
            "16x16":"https://etjanst.sjv.se/jira/secure/useravatar?size=xsmall&ownerId=fwin&avatarId=14002",
            "24x24":"https://etjanst.sjv.se/jira/secure/useravatar?size=small&ownerId=fwin&avatarId=14002",
            "32x32":"https://etjanst.sjv.se/jira/secure/useravatar?size=medium&ownerId=fwin&avatarId=14002",
            "48x48":"https://etjanst.sjv.se/jira/secure/useravatar?ownerId=fwin&avatarId=14002"
         },
         "displayName":"Fabian Winquist",
         "active":true
      },
      "attachment":[

      ],
      "aggregatetimeestimate":null,
      "timeestimate":null,
      "customfield_10071":null,
      "aggregatetimespent":null,
      "customfield_10070":null
   }
}